Fault Type,System Fault Date & Time,Notification Date & Time,Root Cause(L-1),Root Cause(L-2),Root Cause(L-3),RestorationSystem Date,Restoration Date,Outage due to,Time to Acknowledge,Time to Resolve
Down-Link-Link,2023-12-17 13:24:13,2023-12-17 13:24:13,Others,Invalid TT,Human Error,2023-12-17 13:27:31,2023-12-17 13:30:15,F@H End Problem,0.0,6.033333333333333
Down-Link-Link,2023-06-06 21:28:59,2023-06-06 21:00:38,Others,Invalid TT,Human Error,2023-06-06 21:29:34,2023-06-06 21:30:16,F@H End Problem,-28.35,1.2833333333333334
Down-Link-Link,2021-10-19 11:12:21,2021-10-19 11:12:22,Others,Others,Others,2021-10-22 09:34:41,2021-10-19 11:57:18,F@H End Problem,0.016666666666666666,44.95
Down-Link-Link,2021-10-19 11:10:14,2021-10-19 11:10:17,Others,Others,Others,2021-10-22 09:34:17,2021-10-19 11:57:18,F@H End Problem,0.05,47.06666666666667
Down-Link-Link,2021-10-19 11:09:22,2021-10-19 11:09:22,Others,Others,Others,2021-10-22 09:34:01,2021-10-19 11:46:06,F@H End Problem,0.0,36.733333333333334
Down-Link-Link,2021-10-19 11:07:41,2021-10-19 11:07:41,Client,Others,Not Shared,2021-10-21 09:59:05,2021-10-19 12:31:37,Client End Problem,0.0,83.93333333333334
Down-Link-Link,2021-10-19 11:06:26,2021-10-19 11:06:26,Client,Others,Not Shared,2021-10-21 09:54:17,2021-10-19 13:25:28,Client End Problem,0.0,139.03333333333333
Down-Link-Link,2021-10-19 11:04:54,2021-10-19 11:04:55,Client,Others,Not Shared,2021-10-21 09:44:30,2021-10-19 13:35:09,Client End Problem,0.016666666666666666,150.25
Down-Link-Link,2021-10-19 11:03:11,2021-10-19 11:03:11,Client,Others,Not Shared,2021-10-21 09:44:05,2021-10-19 13:34:27,Client End Problem,0.0,151.26666666666668
Down-Link-Link,2021-07-06 11:54:57,2021-07-06 11:45:05,Client,Others,Not Shared,2021-07-07 08:33:00,2021-07-06 18:12:46,Client End Problem,-9.866666666666667,377.81666666666666
Down-Link-Link,2021-06-28 17:49:52,2021-06-28 17:46:56,Client,OH,Fiber Cut,2021-06-30 08:19:36,2021-06-28 18:40:27,Client End Problem,-2.933333333333333,50.583333333333336
Down-Link-Link,2021-06-08 00:23:22,2021-06-08 00:18:12,Client,Others,Not Shared,2021-06-09 09:17:00,2021-06-08 02:23:38,Client End Problem,-5.166666666666667,120.26666666666667
Down-Link-Link,2021-05-18 12:18:10,2021-05-18 12:18:10,Client,OH,Fiber Cut,2021-05-18 17:04:16,2021-05-18 17:09:42,Client End Problem,0.0,291.53333333333336
Down-Link-Link,2021-01-20 08:23:54,2021-01-20 08:21:23,Client,Others,Not Shared,2021-01-20 17:04:55,2021-01-20 17:08:48,Client End Problem,-2.5166666666666666,524.9
High Loss-High Loss-Link,2020-12-15 16:49:25,2020-12-15 16:49:25,Passive,Faulty,Patch Cord Faulty - LDP/BDB,2020-12-20 14:36:07,2020-12-16 00:53:19,F@H End Problem,0.0,483.9
Down-Link-Link,2020-11-10 00:08:38,2020-11-10 00:08:38,Passive,UG,Core Break,2020-11-12 20:58:35,2020-11-11 11:25:37,F@H End Problem,0.0,2116.983333333333
Down-Link-Link,2020-10-15 14:29:20,2020-10-15 14:26:25,Client,Planned Activity,Shifting,2020-10-17 21:20:52,2020-10-17 12:05:51,Client End Problem,-2.9166666666666665,2736.516666666667
Down-Link-Link,2020-09-23 00:27:11,2020-09-23 00:27:11,Passive,OH,Core Break,2020-09-24 10:18:20,2020-09-23 05:46:22,F@H End Problem,0.0,319.18333333333334
Down-Link-Link,2020-09-23 00:26:07,2020-09-23 00:26:08,Passive,OH,Core Break,2020-09-24 10:18:10,2020-09-23 05:46:22,F@H End Problem,0.016666666666666666,320.25
Down-Link-Link,2020-09-14 04:13:16,2020-09-14 04:08:06,Passive,UG,Core Break,2020-09-14 19:21:32,2020-09-14 17:30:54,F@H End Problem,-5.166666666666667,797.6333333333333
Down-Link-Link,2020-09-14 03:57:32,2020-09-14 03:56:20,Passive,UG,Core Break,2020-09-14 20:46:31,2020-09-14 17:32:13,F@H End Problem,-1.2,814.6833333333333
Down-Link-Link,2020-08-31 11:59:27,2020-08-31 11:59:27,Passive,Faulty,Patch Cord Cut - LDP/BDB,2020-09-01 11:54:04,2020-08-31 13:38:04,F@H End Problem,0.0,98.61666666666666
High Loss-High Loss-Link,2020-07-29 23:49:00,2020-07-29 23:43:06,Client,Others,Not Shared,2020-07-30 12:40:37,2020-07-30 05:13:38,Client End Problem,-5.9,324.6333333333333
Down-Device-Switch,2020-06-27 06:34:12,2020-06-27 06:10:57,Others,Others,Others,2020-06-27 06:36:54,2020-06-27 06:38:36,F@H End Problem,-23.25,4.4
Down-Link-Link,2020-05-13 10:40:28,2020-05-13 10:33:03,Passive,UG,Backbone Cable Damage,2020-05-13 15:01:49,2020-05-13 14:18:20,F@H End Problem,-7.416666666666667,217.86666666666667
Down-Link-Link,2020-05-13 09:56:28,2020-05-13 09:53:03,Passive,UG,Backbone Cable Damage,2020-05-14 20:29:17,2020-05-13 14:06:38,F@H End Problem,-3.4166666666666665,250.16666666666666
Down-Link-Link,2020-05-09 08:50:16,2020-05-09 08:42:31,Passive,UG,Core Break,2020-05-09 10:41:49,2020-05-09 10:07:48,F@H End Problem,-7.75,77.53333333333333
Down-Link-Link,2020-03-12 12:16:06,2020-03-12 12:16:10,,Client End Problem,Client End Problem (Others),2020-03-12 12:46:48,2020-03-12 12:47:45,Client End Problem,0.06666666666666667,31.65
Fluctuation-Link-Link,2020-02-13 08:44:13,2020-02-13 08:26:49,,Client End Problem,Client End Problem (Fiber Cut),2020-02-13 10:45:51,2020-02-13 09:59:41,Client End Problem,-17.4,75.46666666666667
Down-Link-Link,2019-11-15 15:50:14,2019-11-15 15:50:19,,Maintenance Work,Maintenance Work (F@H),2019-11-16 07:19:31,2019-11-16 07:13:21,F@H End Problem,0.08333333333333333,923.1166666666667
Down-Link-Link,2019-10-04 19:26:37,2019-10-04 19:26:42,,Client End Problem,Client End Problem (Others),2019-10-06 16:03:33,2019-10-04 20:28:00,Client End Problem,0.08333333333333333,61.38333333333333
Down-Link-Link,2019-10-03 11:19:22,2019-10-03 11:19:23,,Core Break,Core Break (LDP/BDB),2019-10-03 15:39:05,2019-10-03 15:24:47,F@H End Problem,0.016666666666666666,245.41666666666666
Down-Link-Link,2019-10-03 10:35:13,2019-10-03 10:35:17,,Client End Problem,Client End Problem (Others),2019-10-03 15:49:21,2019-10-03 15:25:36,Client End Problem,0.06666666666666667,290.3833333333333
High Loss-High Loss-Link,2019-07-24 14:11:01,2019-07-24 14:09:11,Passive,Faulty,Patch Cord Faulty - CO,2019-07-26 16:21:23,2019-07-26 16:18:00,F@H End Problem,-1.8333333333333333,3006.983333333333
Quality Issue-Bandwidth Problem-Bandwidth problem,2019-06-26 15:57:28,2019-06-26 15:57:34,,Client End Problem,Client End Problem (Others),2019-06-27 12:05:30,2019-06-27 12:07:19,Client End Problem,0.1,1209.85
Down-Link-Link,2019-05-27 12:13:00,2019-05-27 12:13:03,Passive,Faulty,Patch Cord Cut - LDP/BDB,2019-05-27 14:44:08,2019-05-27 14:42:41,F@H End Problem,0.05,149.68333333333334
Down-Link-Link,2019-05-11 04:47:52,2019-05-11 04:47:59,Passive,Faulty,Patch Cord Faulty - CO,2019-05-12 12:36:55,2019-05-12 07:19:07,F@H End Problem,0.11666666666666667,1591.25
Down-Link-Link,2019-05-09 17:53:23,2019-05-09 17:53:27,Client,Wrong Complaint,Wrong Complaint,2019-05-11 04:46:11,2019-05-11 04:47:35,Client End Problem,0.06666666666666667,2094.2
Down-Link-Link,2019-05-09 14:43:00,2019-05-09 14:43:01,,U/G Fiber Cut,U/G Fiber Cut,2019-05-10 22:06:32,2019-05-10 04:10:44,F@H End Problem,0.016666666666666666,807.7333333333333
Down-Link-Link,2019-04-18 10:52:59,2019-04-18 10:43:36,,Power Problem,Power Problem (CO/RO),2019-04-18 12:21:50,2019-04-18 11:23:03,F@H End Problem,-9.383333333333333,30.066666666666666
Down-Link-Link,2019-04-06 18:02:00,2019-04-06 18:02:01,Client,Others,Not Shared,2019-04-06 19:12:18,2019-04-06 19:13:25,Client End Problem,0.016666666666666666,71.41666666666667
Down-Link-Link,2019-02-24 13:36:42,2019-02-24 13:27:18,,Client End Problem,Client End Problem (Others),2019-02-24 14:43:47,2019-02-24 13:37:15,Client End Problem,-9.4,0.55
Down-Link-Link,2019-02-21 09:15:36,2019-02-21 09:15:40,,Core Break,Core Break (LDP/BDB),2019-02-21 20:16:11,2019-02-21 18:00:53,F@H End Problem,0.06666666666666667,525.2833333333333
Down-Link-Link,2019-01-07 09:06:08,2019-01-07 09:02:04,,O/H Fiber Cut,O/H Fiber Cut,2019-01-07 12:06:30,2019-01-07 09:57:42,F@H End Problem,-4.066666666666666,51.56666666666667
Down-Link-Link,2018-11-23 22:27:08,2018-11-23 22:27:09,,Client End Problem,Client End Problem (Others),2018-11-25 10:13:20,2018-11-24 23:45:13,Client End Problem,0.016666666666666666,1518.0833333333333
Down-Link-Link,2018-11-15 15:05:01,2018-11-15 15:05:01,,Client End Problem,Client End Problem (Fiber Cut),2018-11-18 11:12:31,2018-11-18 11:12:28,Client End Problem,0.0,4087.45
Down-Link-Link,2018-11-01 11:18:33,2018-11-01 11:18:11,,Logical Problem,Logical Problem (Others),2018-11-04 17:00:37,2018-11-04 13:30:09,F@H End Problem,-0.36666666666666664,4451.6
Down-Link-Link,2018-10-30 15:04:43,2018-10-30 15:02:12,Client,Others,Not Shared,2018-11-01 10:31:49,2018-11-01 10:32:09,Client End Problem,-2.5166666666666666,2607.4333333333334
Down-Link-Link,2018-10-19 18:05:08,2018-10-19 18:05:06,,Client End Problem,Client End Problem (Fiber Cut),2018-10-21 14:45:21,2018-10-20 01:35:30,Client End Problem,-0.03333333333333333,450.3666666666667
High Loss-High Loss-Link,2018-10-17 11:39:00,2018-10-17 11:39:08,Client,OH,Fiber Loss,2018-10-17 19:07:56,2018-10-17 17:35:56,Client End Problem,0.13333333333333333,356.93333333333334
Down-Link-Link,2018-10-14 15:22:22,2018-10-14 15:22:26,,Client End Problem,Client End Problem (Others),2018-10-15 08:02:38,2018-10-15 08:02:52,Client End Problem,0.06666666666666667,1000.5
Down-Link-Link,2018-09-11 20:55:07,2018-09-11 20:55:02,,Client End Problem,Client End Problem (Fiber Cut),2018-09-12 22:10:23,2018-09-12 22:10:20,Client End Problem,-0.08333333333333333,1515.2166666666667
Down-Link-Link,2018-07-01 15:28:22,2018-07-01 15:00:36,,U/G Fiber Cut,U/G Fiber Cut,2018-07-01 18:14:58,2018-07-01 17:30:24,F@H End Problem,-27.766666666666666,122.03333333333333
Down-Link-Link,2018-06-09 10:26:38,2018-06-09 10:20:03,Client,OH,Fiber Loss,2018-06-10 21:33:34,2018-06-09 20:20:53,Client End Problem,-6.583333333333333,594.25
Down-Link-Link,2018-06-08 16:28:48,2018-06-08 16:28:53,,Client End Problem,Client End Problem (Others),2018-06-08 20:12:26,2018-06-08 17:12:42,Client End Problem,0.08333333333333333,43.9
Down-Link-Link,2018-06-08 11:36:24,2018-06-08 11:29:47,,Client End Problem,Client End Problem (Others),2018-06-08 14:07:32,2018-06-08 13:07:48,Client End Problem,-6.616666666666666,91.4
Down-Link-Link,2018-06-05 13:51:22,2018-06-05 13:51:24,,Core Bend,Core Bend (O/H),2018-06-06 14:06:25,2018-06-05 14:44:36,F@H End Problem,0.03333333333333333,53.233333333333334
Down-Link-Link,2018-06-03 22:55:02,2018-06-03 22:26:15,Client,Others,Not Shared,2018-06-04 21:58:13,2018-06-04 21:58:26,Client End Problem,-28.783333333333335,1383.4
Down-Link-Link,2018-05-27 09:55:25,2018-05-27 09:55:30,,Client End Problem,Client End Problem (Fiber Cut),2018-05-30 11:28:55,2018-05-30 11:29:13,Client End Problem,0.08333333333333333,4413.8
Down-Link-Link,2018-05-26 02:59:10,2018-05-26 02:49:54,,Core Break,Core Break (LDP/BDB),2018-05-26 08:02:23,2018-05-26 05:40:32,F@H End Problem,-9.266666666666667,161.36666666666667
Down-Link-Link,2018-05-15 10:12:05,2018-05-15 09:38:54,,O/H Fiber Cut,O/H Fiber Cut,2018-05-15 18:36:11,2018-05-15 15:31:19,F@H End Problem,-33.18333333333333,319.23333333333335
Down-Link-Link,2018-05-14 16:14:34,2018-05-14 16:07:02,,Power Problem,Power Problem (CO/RO),2018-05-14 18:12:06,2018-05-14 17:36:02,F@H End Problem,-7.533333333333333,81.46666666666667
Down-Link-Link,2018-05-05 10:22:57,2018-05-05 10:22:50,,Client End Problem,Client End Problem (Fiber Cut),2018-05-08 13:05:10,2018-05-06 06:07:06,Client End Problem,-0.11666666666666667,1184.15
Down-Link-Link,2018-04-12 09:50:26,2018-04-12 09:50:09,,O/H Fiber Cut,O/H Fiber Cut,2018-04-12 12:58:33,2018-04-12 12:00:17,F@H End Problem,-0.2833333333333333,129.85
Down-Link-Link,2018-04-07 13:37:10,2018-04-07 12:04:00,,O/H Fiber Cut,O/H Fiber Cut,2018-04-07 17:02:30,2018-04-07 16:28:10,F@H End Problem,-93.16666666666667,171.0
Down-Link-Link,2018-03-28 09:28:57,2018-03-28 09:28:58,,Client End Problem,Client End Problem (Fiber Cut),2018-03-28 21:26:39,2018-03-28 21:27:15,Client End Problem,0.016666666666666666,718.3
Down-Link-Link,2018-03-27 13:25:55,2018-03-27 13:25:56,Client,Others,Not Shared,2018-03-27 16:53:27,2018-03-27 16:53:57,Client End Problem,0.016666666666666666,208.03333333333333
Down-Link-Link,2018-03-14 10:01:28,2018-03-14 09:36:00,,U/G Fiber Cut,U/G Fiber Cut,2018-03-14 22:19:02,2018-03-14 20:19:17,F@H End Problem,-25.466666666666665,617.8166666666667
Fluctuation-Link-Link,2018-03-01 12:46:22,2018-03-01 12:06:07,,U/G Fiber Cut,U/G Fiber Cut,2018-03-01 15:17:00,2018-03-01 13:00:40,F@H End Problem,-40.25,14.3
High Loss-High Loss-Link,2018-01-21 11:51:06,2018-01-21 11:29:40,Client,Others,Not Shared,2018-01-22 08:18:25,2018-01-22 08:18:10,Client End Problem,-21.433333333333334,1227.0666666666666
Down-Link-Link,2018-01-02 15:46:58,2018-01-02 15:48:01,,Client End Problem,Client End Problem (Fiber Cut),2018-01-04 08:40:27,2018-01-04 08:56:05,Client End Problem,1.05,2469.116666666667
Down-Link-Link,2017-12-22 07:43:44,2017-12-22 07:44:47,,U/G Fiber Cut,U/G Fiber Cut,2017-12-22 21:29:54,2017-12-22 21:05:57,F@H End Problem,1.05,802.2166666666667
Down-Link-Link,2017-12-11 08:36:05,2017-12-11 08:27:25,,O/H Fiber Cut,O/H Fiber Cut,2017-12-11 22:25:36,2017-12-11 22:40:19,F@H End Problem,-8.666666666666666,844.2333333333333
Down-Link-Link,2017-11-30 18:51:21,2017-11-30 18:30:36,,O/H Fiber Cut,O/H Fiber Cut,2017-12-01 06:10:34,2017-12-01 01:00:36,F@H End Problem,-20.75,369.25
Down-Link-Link,2017-11-26 14:39:02,2017-11-26 14:31:48,,U/G Fiber Bend,U/G Fiber Bend,2017-11-26 16:33:00,2017-11-26 15:50:33,F@H End Problem,-7.233333333333333,71.51666666666667
Down-Link-Link,2017-11-26 14:34:45,2017-11-26 14:31:40,,U/G Fiber Bend,U/G Fiber Bend,2017-11-26 16:32:22,2017-11-26 15:50:01,F@H End Problem,-3.0833333333333335,75.26666666666667
Down-Link-Link,2017-11-12 20:18:44,2017-11-12 20:00:54,,Client End Problem,Client End Problem (Others),2017-11-12 21:14:07,2017-11-12 21:20:07,Client End Problem,-17.833333333333332,61.38333333333333
Down-Link-Link,2017-11-12 10:55:52,2017-11-12 11:08:44,,U/G Fiber Cut,U/G Fiber Cut,2017-11-12 20:25:15,2017-11-12 20:20:29,F@H End Problem,12.866666666666667,564.6166666666667
Down-Link-Link,2017-11-12 10:54:50,2017-11-12 11:07:14,,U/G Fiber Cut,U/G Fiber Cut,2017-11-12 20:24:24,2017-11-12 20:20:34,F@H End Problem,12.4,565.7333333333333
Down-Link-Link,2017-11-12 09:26:20,2017-11-12 09:39:32,,U/G Fiber Cut,U/G Fiber Cut,2017-11-12 20:23:53,2017-11-12 20:20:59,F@H End Problem,13.2,654.65
Down-Link-Link,2017-10-27 19:41:12,2017-10-27 19:49:31,Client,Others,Not Shared,2017-10-28 22:07:22,2017-10-28 22:19:57,Client End Problem,8.316666666666666,1598.75
Down-Link-Link,2017-10-26 15:28:02,2017-10-26 15:40:13,,Client End Problem,Client End Problem (Others),2017-10-26 22:15:31,2017-10-26 22:28:03,Client End Problem,12.183333333333334,420.01666666666665
Down-Link-Link,2017-10-10 11:56:43,2017-10-10 12:08:22,Passive,Faulty,Patch Cord Faulty - CO,2017-10-11 13:35:12,2017-10-11 12:57:38,F@H End Problem,11.65,1500.9166666666667
Down-Site-GE,2017-10-08 10:40:40,2017-10-08 10:50:22,,Client End Problem,Client End Problem (Others),2017-10-08 10:49:33,2017-10-08 11:01:11,Client End Problem,9.7,20.516666666666666
Down-Link-Link,2017-10-02 09:04:05,2017-10-02 09:15:24,,Client End Problem,Client End Problem (Fiber Cut),2017-10-02 18:24:28,2017-10-02 09:53:46,Client End Problem,11.316666666666666,49.68333333333333
Down-Link-Link,2017-09-19 22:23:07,2017-09-19 22:18:35,,U/G Fiber Cut,U/G Fiber Cut,2017-09-20 05:29:11,2017-09-20 04:30:56,F@H End Problem,-4.533333333333333,367.81666666666666
Down-Link-Link,2017-09-19 14:14:06,2017-09-19 14:19:53,,U/G Fiber Cut,U/G Fiber Cut,2017-09-20 05:27:26,2017-09-20 04:30:48,F@H End Problem,5.783333333333333,856.7
Down-Link-Link,2017-09-16 09:30:18,2017-09-16 09:27:32,,Client End Problem,Client End Problem (Fiber Cut),2017-09-17 09:28:47,2017-09-17 09:39:32,Client End Problem,-2.7666666666666666,1449.2333333333333
Down-Link-Link,2017-09-13 21:55:44,2017-09-13 21:55:39,,Client End Problem,Client End Problem (Others),2017-09-14 13:30:04,2017-09-14 13:44:29,Client End Problem,-0.08333333333333333,948.75
Down-Link-Link,2017-08-29 19:26:25,2017-08-29 19:17:31,,Client End Problem,Client End Problem (Others),2017-08-31 06:52:41,2017-08-31 07:02:37,Client End Problem,-8.9,2136.2
Down-Link-Link,2017-08-06 08:36:21,2017-08-06 08:44:21,,Client End Problem,Client End Problem (Others),2017-08-07 10:37:09,2017-08-07 10:45:49,Client End Problem,8.0,1569.4666666666667
Down-Link-Link,2017-07-06 09:25:07,2017-07-06 08:32:00,,Client End Problem,Client End Problem (Others),2017-07-06 10:33:12,2017-07-06 10:46:32,Client End Problem,-53.11666666666667,81.41666666666667
High Loss-High Loss-Link,2017-05-31 22:38:54,2017-05-31 22:27:28,,Client End Problem,Client End Problem (Others),2017-06-03 03:31:35,2017-06-03 03:39:30,Client End Problem,-11.433333333333334,3180.6
Down-Link-Link,2017-05-31 22:36:58,2017-05-31 22:27:31,Client,Wrong Complaint,Wrong Complaint,2017-05-31 22:38:04,2017-05-31 22:40:37,Client End Problem,-9.45,3.65
High Loss-High Loss-Link,2017-05-30 15:24:51,2017-05-30 15:14:16,,Client End Problem,Client End Problem (Others),2017-05-31 13:47:31,2017-05-31 13:52:46,Client End Problem,-10.583333333333334,1347.9166666666667
Down-Link-Link,2017-05-22 00:57:35,2017-05-22 01:04:38,,Client End Problem,Client End Problem (Others),2017-05-22 01:39:51,2017-05-22 01:46:39,Client End Problem,7.05,49.06666666666667
Down-Link-Link,2017-05-20 02:00:45,2017-05-20 01:47:59,,U/G Fiber Cut,U/G Fiber Cut,2017-05-20 04:38:18,2017-05-20 04:51:37,F@H End Problem,-12.766666666666667,170.86666666666667
Down-Link-Link,2017-05-20 01:59:29,2017-05-20 01:47:59,Passive,OH,Core Break,2017-05-20 10:39:14,2017-05-20 08:24:38,F@H End Problem,-11.5,385.15
Down-Link-Link,2017-05-03 01:50:32,2017-05-03 01:53:40,,Client End Problem,Client End Problem (Others),2017-05-03 09:35:08,2017-05-03 09:28:34,Client End Problem,3.1333333333333333,458.03333333333336
Down-Link-Link,2017-05-02 12:00:21,2017-05-02 11:42:09,,Client End Problem,Client End Problem (Others),2017-05-02 22:13:45,2017-05-02 22:00:13,Client End Problem,-18.2,599.8666666666667
Down-Link-Link,2017-04-20 15:14:38,2017-04-20 15:15:34,,Client End Problem,Client End Problem (Others),2017-04-20 22:45:41,2017-04-20 17:08:44,Client End Problem,0.9333333333333333,114.1
Down-Link-Link,2017-04-15 00:08:17,2017-04-14 23:17:11,,O/H Fiber Cut,O/H Fiber Cut,2017-04-15 08:13:25,2017-04-15 01:30:11,F@H End Problem,-51.1,81.9
Down-Link-Link,2017-04-02 17:59:31,2017-04-02 17:56:46,Passive,Faulty,Fiber Adapter Problem - CO,2017-04-03 00:35:35,2017-04-03 00:01:34,F@H End Problem,-2.75,362.05
Down-Link-Link,2017-04-01 14:02:23,2017-04-01 13:40:57,,Planned Work,Planned Work (F@H),2017-04-01 21:26:59,2017-04-01 21:00:25,F@H End Problem,-21.433333333333334,418.03333333333336
Down-Link-Link,2017-04-01 12:02:58,2017-04-01 11:39:36,,Planned Work,Planned Work (F@H),2017-04-01 21:15:04,2017-04-01 20:30:14,F@H End Problem,-23.366666666666667,507.26666666666665
Down-Link-Link,2017-03-31 19:04:10,2017-03-31 19:02:52,,Client End Problem,Client End Problem (Others),2017-04-02 08:47:27,2017-04-02 08:53:46,Client End Problem,-1.3,2269.6
Down-Link-Link,2017-03-24 17:10:47,2017-03-24 16:44:24,,Client End Problem,Client End Problem (Others),2017-03-26 21:54:36,2017-03-26 21:08:54,Client End Problem,-26.383333333333333,3118.116666666667
Down-Link-Link,2017-03-17 15:03:12,2017-03-17 15:04:54,,Client End Problem (Fiber Cut),Client End Problem (Fiber Cut),2017-03-18 00:38:10,2017-03-17 17:05:37,Client End Problem,1.7,122.41666666666667
Quality Issue-Bandwidth Problem-Bandwidth problem,2017-02-26 11:01:18,2017-02-26 10:52:26,,Client End Problem,Client End Problem (Others),2017-02-27 17:24:23,2017-02-27 17:39:23,Client End Problem,-8.866666666666667,1838.0833333333333
High Loss-High Loss-Link,2017-02-20 11:11:02,2017-02-20 11:04:35,Passive,OH,Core Bend - OF,2017-02-22 03:08:38,2017-02-20 16:30:06,F@H End Problem,-6.45,319.06666666666666
Down-Link-Link,2017-02-14 13:23:40,2017-02-14 13:22:51,Passive,Faulty,Patch Cord Cut - CO,2017-02-19 09:23:10,2017-02-14 13:38:22,F@H End Problem,-0.8166666666666667,14.7
Down-Link-Link,2017-02-09 19:52:52,2017-02-09 19:46:18,,Client End Problem,Client End Problem (Others),2017-02-13 22:31:19,2017-02-12 17:45:29,Client End Problem,-6.566666666666666,4192.616666666667
Down-Link-Link,2017-02-06 02:36:08,2017-02-06 02:32:06,,Client End Problem,Client End Problem (Others),2017-02-06 10:25:57,2017-02-06 10:26:25,Client End Problem,-4.033333333333333,470.28333333333336
Down-Link-Link,2017-02-04 11:12:16,2017-02-04 10:57:48,,Client End Problem,Client End Problem (Others),2017-02-04 11:34:14,2017-02-04 11:19:33,Client End Problem,-14.466666666666667,7.283333333333333
Down-Link-Link,2017-02-03 14:14:22,2017-02-03 13:01:47,,Client End Problem,Client End Problem (Others),2017-02-04 11:07:45,2017-02-04 11:21:06,Client End Problem,-72.58333333333333,1266.7333333333333
Down-Link-Link,2017-02-02 19:19:01,2017-02-02 19:00:00,,Client End Problem (Fiber Cut),Client End Problem (Fiber Cut),2017-02-04 11:36:37,2017-02-02 21:14:00,Client End Problem,-19.016666666666666,114.98333333333333
Down-Link-Link,2017-01-26 01:34:34,2017-01-26 01:31:11,,Client End Problem,Client End Problem (Others),2017-01-26 16:53:11,2017-01-26 16:41:52,Client End Problem,-3.3833333333333333,907.3
Down-Link-Link,2017-01-25 09:36:48,2017-01-25 09:38:13,,Client End Problem,Client End Problem (Others),2017-01-25 13:19:11,2017-01-25 13:17:18,Client End Problem,1.4166666666666667,220.5
High Loss-High Loss-Link,2017-01-15 18:44:52,2017-01-15 18:45:24,Passive,Faulty,Patch Cord Faulty - CO,2017-01-21 17:40:33,2017-01-21 17:00:37,F@H End Problem,0.5333333333333333,8535.75
Down-Link-Link,2017-01-15 18:38:57,2017-01-15 18:38:45,Client,Wrong Complaint,Wrong Complaint,2017-01-15 18:42:14,2017-01-15 18:58:41,Client End Problem,-0.2,19.733333333333334
High Loss-High Loss-Link,2017-01-11 16:49:19,2017-01-11 16:13:56,,Client End Problem,Client End Problem (Others),2017-01-12 16:33:30,2017-01-12 16:30:32,Client End Problem,-35.38333333333333,1421.2166666666667
Down-Link-Link,2017-01-11 16:36:36,2017-01-11 16:13:43,Client,Wrong Complaint,Wrong Complaint,2017-01-11 16:48:10,2017-01-11 16:51:47,Client End Problem,-22.883333333333333,15.183333333333334
Down-Link-Link,2017-01-01 12:52:13,2017-01-01 12:14:20,,,Client End Problem (Fiber Cut),2017-01-01 22:46:43,2017-01-01 13:29:36,F@H End Problem,-37.88333333333333,37.38333333333333
Down-Link-Link,2016-12-23 10:21:58,2016-12-23 10:30:06,,Client End Problem,Client End Problem (Others),2016-12-24 15:41:04,2016-12-23 11:00:39,Client End Problem,8.133333333333333,38.68333333333333
Down-Link-Link,2016-12-21 22:06:33,2016-12-21 22:20:43,Passive,OH,Core Bend - OF,2016-12-22 00:13:32,2016-12-22 00:00:12,F@H End Problem,14.166666666666666,113.65
Fluctuation-Link-Link,2016-12-21 15:11:17,2016-12-21 15:13:14,,Client End Problem,Client End Problem (Others),2016-12-21 16:21:15,2016-12-21 16:38:20,Client End Problem,1.95,87.05
Quality Issue-Bandwidth Problem-Bandwidth problem,2016-12-19 22:11:53,2016-12-19 22:27:06,,Client End Problem,Client End Problem (Others),2016-12-21 23:32:25,2016-12-21 23:16:32,Client End Problem,15.216666666666667,2944.65
Down-Link-Link,2016-12-10 19:29:05,2016-12-10 19:26:45,,Client End Problem,Client End Problem (Others),2016-12-12 09:41:54,2016-12-12 09:21:40,Client End Problem,-2.3333333333333335,2272.5833333333335
Down-Link-Link,2016-11-30 10:28:11,2016-11-30 10:41:15,,Client End Problem,Client End Problem (Others),2016-11-30 11:01:18,2016-11-30 11:38:00,Client End Problem,13.066666666666666,69.81666666666666
Down-Link-Link,2016-11-29 15:06:47,2016-11-29 15:19:54,,Core Break,Core Break (LDP/BDB),2016-11-29 22:40:35,2016-11-29 21:43:39,F@H End Problem,13.116666666666667,396.8666666666667
Down-Link-Link,2016-11-26 22:05:38,2016-11-26 22:19:33,,Client End Problem,Client End Problem (Others),2016-11-27 05:48:30,2016-11-27 05:10:48,Client End Problem,13.916666666666666,425.1666666666667
Down-Link-Link,2016-11-26 15:55:20,2016-11-26 15:50:00,,Core Break,Core Break (LDP/BDB),2016-11-26 23:11:21,2016-11-26 23:00:10,F@H End Problem,-5.333333333333333,424.8333333333333
Down-Link-Link,2016-11-23 05:48:27,2016-11-23 06:01:39,,U/G Fiber Cut,U/G Fiber Cut,2016-11-23 14:59:52,2016-11-23 14:25:59,F@H End Problem,13.2,517.5333333333333
Down-Link-Link,2016-11-20 12:04:41,2016-11-20 11:58:42,Passive,Faulty,Patch Cord Cut - LDP/BDB,2016-11-20 19:03:20,2016-11-20 18:43:02,F@H End Problem,-5.983333333333333,398.35
Down-Link-Link,2016-11-13 11:02:08,2016-11-13 11:15:13,,Client End Problem,Client End Problem (Others),2016-11-13 14:24:12,2016-11-13 14:00:23,Client End Problem,13.083333333333334,178.25
Down-Link-Link,2016-11-10 01:24:54,2016-11-10 01:37:33,,Client End Problem,Client End Problem (Others),2016-11-10 02:22:19,2016-11-10 02:45:21,Client End Problem,12.65,80.45
Down-Link-Link,2016-10-16 10:13:40,2016-10-16 09:49:37,Passive,Faulty,Fiber Adapter Problem - CO,2016-10-17 08:56:54,2016-10-16 10:36:00,F@H End Problem,-24.05,22.333333333333332
Down-Link-Link,2016-10-15 02:12:13,2016-10-15 02:15:24,,Client End Problem,Client End Problem (Others),2016-10-15 11:54:10,2016-10-15 02:47:53,Client End Problem,3.183333333333333,35.666666666666664
Fluctuation-Link-Link,2016-10-15 01:02:38,2016-10-15 12:41:29,Passive,OH,Core Bend - OF,2016-10-16 00:47:06,2016-10-16 00:21:45,F@H End Problem,698.85,1399.1166666666666
Fluctuation-Link-Link,2016-10-13 17:06:00,2016-10-13 17:01:05,,Client End Problem,Client End Problem (Others),2016-10-14 20:27:47,2016-10-14 20:01:27,Client End Problem,-4.916666666666667,1615.45
Down-Link-Link,2016-10-09 16:34:09,2016-10-09 16:04:44,,Client End Problem,Client End Problem (Others),2016-10-09 18:54:26,2016-10-09 18:51:52,Client End Problem,-29.416666666666668,137.71666666666667
Down-Link-Link,2016-10-02 22:53:09,2016-10-02 22:55:41,,Client End Problem,Client End Problem (Others),2016-10-03 07:35:43,2016-10-02 23:32:29,Client End Problem,2.533333333333333,39.333333333333336
Down-Link-Link,2016-09-28 18:32:36,2016-09-28 18:35:06,,Client End Problem,Client End Problem (Others),2016-09-29 09:45:07,2016-09-29 09:03:44,Client End Problem,2.5,871.1333333333333
Down-Link-Link,2016-09-21 03:17:48,2016-09-21 00:00:00,,U/G Fiber Cut,U/G Fiber Cut,2016-09-21 07:23:56,2016-09-21 05:40:00,F@H End Problem,-197.8,142.2
Down-Link-Link,2016-09-20 13:56:17,2016-09-20 13:56:33,,Client End Problem,Client End Problem (Others),2016-09-22 10:07:40,2016-09-22 09:50:06,Client End Problem,0.26666666666666666,2633.8166666666666
Down-Link-Link,2016-09-17 19:06:13,2016-09-17 18:33:37,,Client End Problem,Client End Problem (Others),2016-09-17 19:55:19,2016-09-17 19:36:49,Client End Problem,-32.6,30.6
Down-Link-Link,2016-09-14 10:31:27,2016-09-14 10:24:01,,Client End Problem,Client End Problem (Others),2016-09-14 10:55:18,2016-09-14 10:53:54,Client End Problem,-7.433333333333334,22.45
Down-Link-Link,2016-09-10 13:16:34,2016-09-10 13:04:58,,Client End Problem,Client End Problem (Fiber Cut),2016-09-11 16:20:59,2016-09-11 15:11:20,Client End Problem,-11.6,1554.7666666666667
Down-Link-Link,2016-09-08 14:42:59,2016-09-08 14:44:08,,Client End Problem,Client End Problem (Others),2016-09-08 23:09:23,2016-09-08 23:53:08,Client End Problem,1.15,550.15
Down-Link-Link,2016-09-07 03:42:12,2016-09-06 21:18:06,,U/G Fiber Cut,U/G Fiber Cut,2016-09-07 12:43:33,2016-09-07 11:45:00,F@H End Problem,-384.1,482.8
Down-Link-Link,2016-09-07 03:41:49,2016-09-06 21:18:06,,U/G Fiber Cut,U/G Fiber Cut,2016-09-07 12:43:54,2016-09-07 11:45:00,F@H End Problem,-383.71666666666664,483.18333333333334
Down-Link-Link,2016-09-07 03:40:40,2016-09-06 21:18:06,,U/G Fiber Cut,U/G Fiber Cut,2016-09-07 12:44:11,2016-09-07 11:45:00,F@H End Problem,-382.56666666666666,484.3333333333333
Down-Link-Link,2016-09-07 03:34:52,2016-09-06 21:18:14,,U/G Fiber Cut,U/G Fiber Cut,2016-09-07 12:44:30,2016-09-07 11:45:00,F@H End Problem,-376.6333333333333,490.1333333333333
Down-Link-Link,2016-09-07 03:33:39,2016-09-06 21:18:14,,U/G Fiber Cut,U/G Fiber Cut,2016-09-07 12:44:46,2016-09-07 11:45:00,F@H End Problem,-375.4166666666667,491.35
Down-Link-Link,2016-09-06 22:58:56,2016-09-06 23:00:05,,U/G Fiber Cut,U/G Fiber Cut,2016-09-07 12:45:09,2016-09-07 11:45:00,F@H End Problem,1.15,766.0666666666667
Down-Link-Link,2016-09-06 22:55:44,2016-09-06 22:56:51,,U/G Fiber Cut,U/G Fiber Cut,2016-09-07 12:45:55,2016-09-07 11:45:00,F@H End Problem,1.1166666666666667,769.2666666666667
Down-Link-Link,2016-09-06 22:53:37,2016-09-06 22:54:36,,Client End Problem,Client End Problem (Others),2016-09-08 17:01:42,2016-09-08 17:31:01,Client End Problem,0.9833333333333333,2557.4
Down-Link-Link,2016-09-06 21:41:47,2016-09-06 21:42:48,,U/G Fiber Cut,U/G Fiber Cut,2016-09-07 12:46:14,2016-09-07 11:45:00,F@H End Problem,1.0166666666666666,843.2166666666667
Down-Link-Link,2016-09-06 21:40:06,2016-09-06 21:40:50,,U/G Fiber Cut,U/G Fiber Cut,2016-09-07 12:46:34,2016-09-07 11:45:00,F@H End Problem,0.7333333333333333,844.9
Down-Link-Link,2016-09-06 21:38:02,2016-09-06 21:39:02,,U/G Fiber Cut,U/G Fiber Cut,2016-09-07 12:46:49,2016-09-07 11:45:00,F@H End Problem,1.0,846.9666666666667
Down-Link-Link,2016-09-01 19:44:24,2016-09-01 17:52:49,,U/G Fiber Bend,U/G Fiber Bend,2016-09-04 16:24:38,2016-09-04 05:00:15,F@H End Problem,-111.58333333333333,3435.85
Down-Link-Link,2016-08-28 15:38:52,2016-08-28 15:36:41,,U/G Fiber Cut,U/G Fiber Cut,2016-09-07 12:47:19,2016-09-07 11:45:00,F@H End Problem,-2.183333333333333,14166.133333333333
Down-Link-Link,2016-08-28 13:28:59,2016-08-28 13:28:46,,Client End Problem,Client End Problem (Others),2016-08-29 22:55:15,2016-08-28 14:58:00,Client End Problem,-0.21666666666666667,89.01666666666667
Down-Link-Link,2016-08-23 07:34:27,2016-08-23 07:25:36,,Client End Problem (Fiber Cut),Client End Problem (Fiber Cut),2016-08-23 12:50:11,2016-08-23 12:00:49,Client End Problem,-8.85,266.3666666666667
Down-Link-Link,2016-08-17 14:27:13,2016-08-17 14:26:35,,Client End Problem,Client End Problem (Others),2016-08-18 09:16:13,2016-08-18 09:52:13,Client End Problem,-0.6333333333333333,1165.0
Down-Link-Link,2016-08-13 11:32:15,2016-08-13 11:27:41,,Client End Problem,Client End Problem (Others),2016-08-14 23:06:15,2016-08-14 23:50:05,Client End Problem,-4.566666666666666,2177.8333333333335
Down-Link-Link,2016-08-12 18:09:00,2016-08-12 18:11:32,,Core Break,Core Break (LDP/BDB),2016-08-13 23:52:13,2016-08-13 22:52:51,F@H End Problem,2.533333333333333,1723.85
Down-Link-Link,2016-08-01 19:19:55,2016-08-01 19:21:40,,U/G Fiber Cut,U/G Fiber Cut,2016-08-02 00:29:33,2016-08-02 00:09:29,F@H End Problem,1.75,289.56666666666666
Down-Link-Link,2016-07-31 10:00:03,2016-07-31 09:51:17,,Client End Problem,Client End Problem (Others),2016-07-31 11:04:02,2016-07-31 10:04:03,Client End Problem,-8.766666666666667,4.0
Down-Link-Link,2016-07-30 11:06:44,2016-07-30 11:08:12,,Client End Problem,Client End Problem (Others),2016-07-31 11:56:51,2016-07-31 11:22:56,Client End Problem,1.4666666666666666,1456.2
Down-Link-Link,2016-07-29 11:47:25,2016-07-29 11:37:07,,Power Adapter Problem,Power Adapter Problem (Others),2016-08-01 09:44:41,2016-08-01 09:26:42,F@H End Problem,-10.3,4179.283333333334
Down-Link-Link,2016-07-26 22:27:19,2016-07-26 22:24:59,,Client End Problem,Client End Problem (Others),2016-07-26 23:01:45,2016-07-26 23:11:01,Client End Problem,-2.3333333333333335,43.7
Down-Link-Link,2016-07-26 14:20:29,2016-07-26 14:21:52,,Client End Problem,Client End Problem (Others),2016-07-26 23:36:35,2016-07-26 21:56:00,Client End Problem,1.3833333333333333,455.51666666666665
Down-Link-Link,2016-07-23 23:51:24,2016-07-23 23:52:00,,Core Break,Core Break (LDP/BDB),2016-07-25 08:34:51,2016-07-25 07:32:34,F@H End Problem,0.6,1901.1666666666667
Down-Link-Link,2016-07-19 20:37:47,2016-07-19 20:38:28,,Client End Problem,Client End Problem (Others),2016-07-22 04:59:17,2016-07-22 04:05:59,Client End Problem,0.6833333333333333,3328.2
Down-Link-Link,2016-07-18 19:22:57,2016-07-18 19:23:39,,Client End Problem,Client End Problem (Others),2016-07-19 00:15:48,2016-07-19 00:06:14,Client End Problem,0.7,283.28333333333336
Down-Link-Link,2016-07-18 19:21:08,2016-07-18 19:21:34,,Client End Problem,Client End Problem (Others),2016-07-22 04:46:37,2016-07-22 04:24:46,Client End Problem,0.43333333333333335,4863.633333333333
Down-Link-Link,2016-07-17 20:26:38,2016-07-17 20:24:57,,U/G Fiber Cut,U/G Fiber Cut,2016-07-18 13:02:06,2016-07-18 11:25:00,F@H End Problem,-1.6833333333333333,898.3666666666667
Down-Link-Link,2016-07-08 16:51:51,2016-07-08 16:49:16,,Logical Problem,Logical Problem (Others),2016-07-08 17:25:24,2016-07-08 16:57:24,F@H End Problem,-2.5833333333333335,5.55
Down-Link-Link,2016-07-07 19:39:01,2016-07-07 19:39:03,,Core Break,Core Break (LDP/BDB),2016-07-08 17:31:59,2016-07-08 15:25:30,F@H End Problem,0.03333333333333333,1186.4833333333333
Down-Link-Link,2016-07-07 12:19:13,2016-07-07 12:18:35,,Client End Problem,Client End Problem (Others),2016-07-07 13:35:03,2016-07-07 13:12:34,Client End Problem,-0.6333333333333333,53.35
-Link Down-Link Down,2016-07-06 12:07:13,2016-07-06 11:55:13,,Client End Problem,Client End Problem (Others),2016-07-06 13:13:59,2016-07-06 13:20:11,Client End Problem,-12.0,72.96666666666667
Down-Link-Link,2016-07-06 12:00:55,2016-07-06 12:00:34,Client,Wrong Complaint,Wrong Complaint,2016-07-06 12:05:29,2016-07-06 12:37:04,Client End Problem,-0.35,36.15
Down-Link-Link,2016-07-06 03:30:41,2016-07-06 03:30:53,Passive,Faulty,Patch Cord Cut - LDP/BDB,2016-07-06 16:41:40,2016-07-06 15:41:39,F@H End Problem,0.2,730.9666666666667
Fluctuation-Link-Link,2016-07-05 13:01:09,2016-07-05 13:03:51,,Client End Problem,Client End Problem (Others),2016-07-05 15:53:12,2016-07-05 15:26:52,Client End Problem,2.7,145.71666666666667
Down-Link-Link,2016-07-03 23:39:40,2016-07-03 23:39:09,,Core Break,Core Break (LDP/BDB),2016-07-04 00:47:55,2016-07-04 00:23:45,F@H End Problem,-0.5166666666666667,44.083333333333336
Down-Link-Link,2016-07-02 23:44:26,2016-07-02 10:48:24,,U/G Fiber Cut,U/G Fiber Cut,2016-07-03 12:56:08,2016-07-03 12:38:55,F@H End Problem,-776.0333333333333,774.4833333333333
Down-Link-Link,2016-07-02 23:03:15,2016-07-02 23:02:58,,U/G Fiber Cut,U/G Fiber Cut,2016-07-03 11:52:32,2016-07-03 11:34:48,F@H End Problem,-0.2833333333333333,751.55
Down-Link-Link,2016-06-30 09:11:41,2016-06-30 08:59:28,,Core Break,Core Break (LDP/BDB),2016-06-30 16:21:17,2016-06-30 16:04:17,F@H End Problem,-12.216666666666667,412.6
Down-Link-Link,2016-06-26 10:47:18,2016-06-26 10:42:02,Passive,Faulty,Patch Cord Cut - LDP/BDB,2016-06-26 20:38:07,2016-06-26 18:06:36,F@H End Problem,-5.266666666666667,439.3
Down-Link-Link,2016-06-08 14:09:24,2016-06-08 13:50:44,,U/G Fiber Cut,U/G Fiber Cut,2016-06-09 11:31:05,2016-06-09 05:30:15,F@H End Problem,-18.666666666666668,920.85
Down-Link-Link,2016-06-08 14:05:22,2016-06-08 13:47:36,,U/G Fiber Cut,U/G Fiber Cut,2016-06-11 17:47:07,2016-06-08 21:52:46,F@H End Problem,-17.766666666666666,467.4
Down-Link-Link,2016-06-06 23:33:48,2016-06-06 23:18:28,,Core Bend,Core Bend (O/H),2016-06-07 01:38:35,2016-06-06 23:55:35,F@H End Problem,-15.333333333333334,21.783333333333335
Down-Link-Link,2016-06-06 18:38:04,2016-06-06 18:45:35,,Core Break,Core Break (LDP/BDB),2016-06-08 07:27:50,2016-06-08 05:43:26,F@H End Problem,7.516666666666667,2105.366666666667
Down-Link-Link,2016-06-06 10:15:38,2016-06-06 10:23:44,,Client End Problem,Client End Problem (Others),2016-06-08 12:29:15,2016-06-08 12:32:25,Client End Problem,8.1,3016.7833333333333
Fluctuation-Link-Link,2016-06-04 10:50:28,2016-06-04 10:56:28,,Client End Problem,Client End Problem (Others),2016-06-07 21:03:37,2016-06-04 13:39:00,Client End Problem,6.0,168.53333333333333
Down-Site-STM,2016-05-31 11:50:20,2016-05-31 11:36:40,,Client End Problem,Client End Problem (Others),2016-05-31 22:59:46,2016-05-31 15:30:58,Client End Problem,-13.666666666666666,220.63333333333333
Down-Link-Link,2016-05-29 03:20:24,2016-05-29 03:13:49,Passive,OH,Core Break,2016-06-05 16:56:42,2016-06-05 16:00:53,F@H End Problem,-6.583333333333333,10840.483333333334
Down-Link-Link,2016-05-27 21:17:42,2016-05-27 21:19:27,,U/G Fiber Cut,U/G Fiber Cut,2016-05-28 15:02:06,2016-05-28 14:47:00,F@H End Problem,1.75,1049.3
Down-Link-Link,2016-05-22 18:10:42,2016-05-22 18:16:55,Passive,Faulty,Patch Cord Bend - CO,2016-05-23 00:35:13,2016-05-23 00:21:34,F@H End Problem,6.216666666666667,370.8666666666667
Down-Link-Link,2016-05-19 19:33:01,2016-05-19 19:40:10,,O/H Fiber Cut,O/H Fiber Cut,2016-05-22 19:48:48,2016-05-22 19:44:46,F@H End Problem,7.15,4331.75
Down-Link-Link,2016-05-14 05:01:08,2016-05-14 05:07:28,,U/G Fiber Cut,U/G Fiber Cut,2016-05-14 13:25:37,2016-05-14 12:56:00,F@H End Problem,6.333333333333333,474.8666666666667
Down-Link-Link,2016-05-11 13:53:16,2016-05-11 12:09:32,,Logical Problem,Logical Problem (Others),2016-05-11 23:58:44,2016-05-11 23:19:57,F@H End Problem,-103.73333333333333,566.6833333333333
Down-Link-Link,2016-05-11 13:49:52,2016-05-11 12:09:07,,Logical Problem,Logical Problem (Others),2016-05-11 23:56:53,2016-05-11 13:57:54,F@H End Problem,-100.75,8.033333333333333
Down-Link-Link,2016-05-11 13:45:33,2016-05-11 12:09:52,,Client End Problem,Client End Problem (Others),2016-05-12 00:33:22,2016-05-11 13:57:31,Client End Problem,-95.68333333333334,11.966666666666667
Down-Link-Link,2016-05-11 13:31:23,2016-05-11 12:09:20,,Logical Problem,Logical Problem (Others),2016-05-11 23:54:17,2016-05-11 13:57:51,F@H End Problem,-82.05,26.466666666666665
Down-Link-Link,2016-05-11 13:19:12,2016-05-11 12:09:47,,Port Hang,Port Hang (Switch),2016-05-11 23:43:46,2016-05-11 13:57:42,F@H End Problem,-69.41666666666667,38.5
Down-Link-Link,2016-05-05 01:48:14,2016-05-05 01:53:41,,Planned Work,Planned Work (F@H),2016-05-05 10:42:15,2016-05-05 10:59:40,F@H End Problem,5.45,551.4333333333333
Down-Link-Link,2016-04-22 22:19:17,2016-04-22 22:24:38,,Client End Problem,Client End Problem (Others),2016-04-25 20:53:12,2016-04-25 20:48:52,Client End Problem,5.35,4229.583333333333
High Loss-High Loss-Link,2016-04-20 19:19:28,2016-04-20 19:24:29,,Client End Problem,Client End Problem (Others),2016-04-21 17:39:22,2016-04-21 17:34:38,Client End Problem,5.016666666666667,1335.1666666666667
High Loss-High Loss-Link,2016-04-16 11:21:02,2016-04-16 11:25:35,,Client End Problem,Client End Problem (Others),2016-04-20 08:07:34,2016-04-18 12:03:00,Client End Problem,4.55,2921.9666666666667
Down-Link-Link,2016-04-14 03:01:02,2016-04-14 03:05:44,Client,Wrong Complaint,Wrong Complaint,2016-04-14 03:01:34,2016-04-14 03:14:01,Client End Problem,4.7,12.983333333333333
Down-Link-Link,2016-04-14 03:00:08,2016-04-14 03:05:34,,,Client End Problem (Fiber Cut),2016-04-14 17:30:14,2016-04-14 17:30:29,F@H End Problem,5.433333333333334,870.35
Fluctuation-Link-Link,2016-04-14 00:55:38,2016-04-14 01:01:21,,,Patch Cord Faulty,2016-04-16 08:52:56,2016-04-16 07:40:51,F@H End Problem,5.716666666666667,3285.2166666666667
Down-Link-Link,2016-04-13 20:31:24,2016-04-13 20:37:01,,Client End Problem,Client End Problem (Others),2016-04-14 00:47:49,2016-04-14 00:26:00,Client End Problem,5.616666666666666,234.6
Down-Link-Link,2016-04-13 03:14:03,2016-04-13 02:29:44,,O/H Fiber Bend,O/H Fiber Bend,2016-04-17 14:39:29,2016-04-17 14:05:37,F@H End Problem,-44.31666666666667,6411.566666666667
Down-Link-Link,2016-04-02 01:09:45,2016-04-02 01:13:38,,Client End Problem,Client End Problem (Others),2016-04-02 13:43:37,2016-04-02 12:36:42,Client End Problem,3.8833333333333333,686.95
Down-Link-Link,2016-04-02 00:29:59,2016-04-02 00:34:06,,Planned Work,Planned Work (F@H),2016-04-02 02:57:46,2016-04-02 02:36:54,F@H End Problem,4.116666666666666,126.91666666666667
High Loss-High Loss-Link,2016-03-29 13:02:40,2016-03-29 12:55:53,Passive,Faulty,Fiber Adapter Problem - CO,2016-03-30 04:33:36,2016-03-30 04:00:28,F@H End Problem,-6.783333333333333,897.8
Down-Link-Link,2016-03-23 15:11:50,2016-03-23 15:15:20,Passive,Faulty,Patch Cord Bend - CO,2016-03-24 13:57:09,2016-03-23 21:45:40,F@H End Problem,3.5,393.8333333333333
Quality Issue-Bandwidth Problem-Bandwidth problem,2016-03-22 11:14:11,2016-03-22 11:16:27,,Logical Problem,Logical Problem (Others),2016-03-22 17:41:15,2016-03-22 16:56:40,F@H End Problem,2.2666666666666666,342.48333333333335
Down-Link-Link,2016-03-04 16:58:27,2016-03-04 16:50:32,,Client End Problem,Client End Problem (Others),2016-03-04 20:01:25,2016-03-04 20:14:01,Client End Problem,-7.916666666666667,195.56666666666666
Down-Link-Link,2016-03-02 09:36:39,2016-03-02 09:34:48,,Client End Problem,Client End Problem (Others),2016-03-03 21:27:57,2016-03-03 21:08:27,Client End Problem,-1.85,2131.8
Down-Link-Link,2016-03-01 21:06:44,2016-03-01 21:07:54,,Client End Problem,Client End Problem (Others),2016-03-02 00:07:00,2016-03-01 21:45:06,Client End Problem,1.1666666666666667,38.36666666666667
Down-Link-Link,2016-02-26 18:28:23,2016-02-26 18:30:24,,Client End Problem,Client End Problem (Others),2016-02-28 09:57:27,2016-02-28 09:27:56,Client End Problem,2.0166666666666666,2339.55
-Link Down-Link Down,2016-02-25 23:06:26,2016-02-25 23:00:14,,U/G Fiber Cut,U/G Fiber Cut,2016-02-26 22:17:48,2016-02-26 21:24:16,F@H End Problem,-6.2,1337.8333333333333
Down-Link-Link,2016-02-25 06:40:29,2016-02-25 06:42:27,,Client End Problem,Client End Problem (Others),2016-02-25 07:03:41,2016-02-25 07:08:01,Client End Problem,1.9666666666666666,27.533333333333335
Down-Link-Link,2016-02-13 07:32:32,2016-02-13 07:33:36,,U/G Fiber Cut,U/G Fiber Cut,2016-02-13 12:56:02,2016-02-13 12:04:55,F@H End Problem,1.0666666666666667,272.3833333333333
Down-Link-Link,2016-02-12 00:20:23,2016-02-12 00:20:36,,Client End Problem (Fiber Cut),Client End Problem (Fiber Cut),2016-02-13 09:53:53,2016-02-13 07:30:00,Client End Problem,0.21666666666666667,1869.6166666666666
Down-Link-Link,2016-02-01 12:42:18,2016-02-01 12:39:57,,Client End Problem,Client End Problem (Others),2016-02-01 13:19:48,2016-02-01 13:21:19,Client End Problem,-2.35,39.016666666666666
Down-Link-Link,2016-02-01 05:31:21,2016-02-01 04:25:00,,U/G Fiber Cut,U/G Fiber Cut,2016-02-01 05:43:58,2016-02-01 05:10:00,F@H End Problem,-66.35,-21.35
Down-Link-Link,2016-01-30 14:42:17,2016-01-30 12:10:58,,U/G Fiber Cut,U/G Fiber Cut,2016-01-31 15:03:21,2016-01-30 16:28:02,F@H End Problem,-151.31666666666666,105.75
High Loss-High Loss-Link,2016-01-28 17:16:57,2016-01-28 16:52:16,,Client End Problem,Client End Problem (Others),2016-02-01 09:57:56,2016-02-01 05:38:56,Client End Problem,-24.683333333333334,5061.983333333334
Down-Link-Link,2016-01-27 09:35:23,2016-01-27 09:34:31,Client,Wrong Complaint,Wrong Complaint,2016-01-27 09:35:51,2016-01-27 09:35:35,Client End Problem,-0.8666666666666667,0.2
Down-Link-Link,2016-01-27 09:31:31,2016-01-27 07:30:00,Client,Wrong Complaint,Wrong Complaint,2016-01-27 09:49:27,2016-01-27 09:17:46,Client End Problem,-121.51666666666667,-13.75
High Loss-High Loss-Link,2016-01-25 13:34:19,2016-01-25 13:33:39,Client,OH,Fiber Loss,2016-01-26 16:31:36,2016-01-26 04:21:29,Client End Problem,-0.6666666666666666,887.1666666666666
-Link Down-Link Down,2016-01-24 19:13:29,2016-01-24 18:40:24,,Client End Problem,Client End Problem (Others),2016-01-24 22:28:28,2016-01-24 22:00:28,Client End Problem,-33.083333333333336,166.98333333333332
-Link Down-Link Down,2016-01-21 02:37:08,2016-01-21 02:37:04,,,Client End Problem (Fiber Cut),2016-01-21 20:09:01,2016-01-21 09:07:07,F@H End Problem,-0.06666666666666667,389.98333333333335
Down-Link-Link,2016-01-15 01:13:14,2016-01-15 01:05:06,Passive,OH,Core Break,2016-01-15 05:54:53,2016-01-15 02:46:54,F@H End Problem,-8.133333333333333,93.66666666666667
Down-Link-Link,2016-01-01 13:11:37,2016-01-01 13:07:42,,Client End Problem,Client End Problem (Others),2016-01-01 18:40:40,2016-01-01 18:08:39,Client End Problem,-3.9166666666666665,297.03333333333336
Down-Link-Link,2015-12-31 12:18:53,2015-12-31 12:13:33,,Client End Problem,Client End Problem (Others),2015-12-31 19:48:59,2015-12-31 18:26:47,Client End Problem,-5.333333333333333,367.9
Down-Link-Link,2015-12-30 13:16:54,2015-12-30 13:15:09,,Client End Problem,Client End Problem (Others),2015-12-30 16:22:17,2015-12-30 16:19:19,Client End Problem,-1.75,182.41666666666666
Down-Link-Link,2015-12-29 14:52:51,2015-12-29 14:15:00,,Client End Problem,Client End Problem (Others),2015-12-29 14:53:51,2015-12-29 15:00:00,Client End Problem,-37.85,7.15
Down-Link-Link,2015-12-26 05:55:42,2015-12-26 06:01:07,,Client End Problem,Client End Problem (Others),2015-12-26 10:13:17,2015-12-26 07:03:12,Client End Problem,5.416666666666667,67.5
Down-Link-Link,2015-12-20 16:25:21,2015-12-20 16:31:18,,Client End Problem,Client End Problem (Others),2015-12-21 16:28:32,2015-12-20 18:47:28,Client End Problem,5.95,142.11666666666667
Down-Link-Link,2015-12-11 12:24:40,2015-12-11 12:31:05,,,Client End Problem (Fiber Cut),2015-12-13 10:14:59,2015-12-11 12:45:00,F@H End Problem,6.416666666666667,20.333333333333332
Down-Link-Link,2015-12-07 01:14:12,2015-12-07 01:19:43,,U/G Fiber Cut,U/G Fiber Cut,2015-12-07 04:32:46,2015-12-07 04:38:53,F@H End Problem,5.516666666666667,204.68333333333334
-Link Down-Link Down,2015-12-04 03:40:35,2015-12-04 03:30:07,,O/H Fiber Cut,O/H Fiber Cut,2015-12-04 14:11:35,2015-12-04 12:16:27,F@H End Problem,-10.466666666666667,515.8666666666667
Down-Link-Link,2015-12-02 10:08:03,2015-12-02 10:13:54,Client,OH,Fiber Loss,2015-12-03 13:06:40,2015-12-03 13:12:41,Client End Problem,5.85,1624.6333333333334
Down-Link-Link,2015-12-01 09:40:48,2015-12-01 09:46:04,Client,OH,Fiber Loss,2015-12-02 07:18:11,2015-12-01 10:20:00,Client End Problem,5.266666666666667,39.2
Down-Link-Link,2015-11-30 15:18:02,2015-11-30 15:23:40,,Client End Problem,Client End Problem (Others),2015-11-30 17:29:39,2015-11-30 17:35:32,Client End Problem,5.633333333333334,137.5
Down-Link-Link,2015-11-29 14:05:32,2015-11-29 14:11:18,,Client End Problem,Client End Problem (Others),2015-11-29 14:37:57,2015-11-29 14:43:17,Client End Problem,5.766666666666667,37.75
Down-Link-Link,2015-11-29 08:30:02,2015-11-29 08:33:00,Passive,OH,Core Break,2015-11-30 11:52:34,2015-11-30 11:45:59,F@H End Problem,2.966666666666667,1635.95
Down-Link-Link,2015-11-24 19:58:28,2015-11-24 20:02:49,,O/H Fiber Bend,O/H Fiber Bend,2015-11-25 12:37:13,2015-11-25 12:20:52,F@H End Problem,4.35,982.4
Down-Link-Link,2015-11-24 15:00:11,2015-11-24 15:04:52,Client,Wrong Complaint,Wrong Complaint,2015-11-24 20:00:16,2015-11-24 20:05:54,Client End Problem,4.683333333333334,305.71666666666664
Down-Link-Link,2015-11-21 22:01:02,2015-11-21 22:06:00,,Client End Problem,Client End Problem (Others),2015-11-22 13:29:12,2015-11-22 11:05:37,Client End Problem,4.966666666666667,784.5833333333334
Down-Link-Link,2015-11-20 09:34:09,2015-11-20 09:32:00,,Client End Problem,Client End Problem (Others),2015-11-23 11:00:18,2015-11-20 17:30:00,Client End Problem,-2.15,475.85
Down-Link-Link,2015-11-13 11:07:16,2015-11-13 11:12:08,Passive,OH,Core Break,2015-11-13 12:04:37,2015-11-13 12:09:30,F@H End Problem,4.866666666666666,62.233333333333334
Down-Link-Link,2015-11-09 13:45:37,2015-11-09 13:45:54,,U/G Fiber Cut,U/G Fiber Cut,2015-11-10 10:28:47,2015-11-09 21:45:52,F@H End Problem,0.2833333333333333,480.25
Down-Link-Link,2015-10-31 16:43:38,2015-10-31 16:12:26,,O/H Fiber Cut,O/H Fiber Cut,2015-10-31 18:10:26,2015-10-31 16:24:46,F@H End Problem,-31.2,-18.866666666666667
Down-Link-Link,2015-10-31 13:02:36,2015-10-31 13:06:12,,U/G Fiber Bend,U/G Fiber Bend,2015-10-31 19:04:07,2015-10-31 19:08:36,F@H End Problem,3.6,366.0
Down-Link-Link,2015-10-30 11:45:17,2015-10-30 11:48:46,,U/G Fiber Damage,U/G Fiber Damage,2015-10-31 20:18:11,2015-10-31 14:33:00,F@H End Problem,3.4833333333333334,1607.7166666666667
Down-Link-Link,2015-10-30 08:02:44,2015-10-30 08:05:33,,Shifting Problem,Shifting Problem (CO),2015-10-30 09:08:53,2015-10-30 09:12:49,F@H End Problem,2.816666666666667,70.08333333333333
-Link Down-Link Down,2015-10-28 14:22:53,2015-10-28 14:16:12,Passive,OH,Core Bend - OF,2015-10-28 17:06:26,2015-10-28 15:03:17,F@H End Problem,-6.683333333333334,40.4
-Link Down-Link Down,2015-10-27 22:11:21,2015-10-27 17:23:07,,Logical & Physical,Logical & Physical,2015-10-27 22:34:23,2015-10-27 22:34:23,F@H End Problem,-288.23333333333335,23.033333333333335
Down-Link-Link,2015-10-20 09:54:06,2015-10-20 09:57:01,,Client End Problem (Fiber Cut),Client End Problem (Fiber Cut),2015-10-20 21:01:22,2015-10-20 11:44:00,Client End Problem,2.9166666666666665,109.9
Down-Link-Link,2015-10-19 00:28:22,2015-10-19 00:28:50,,Client End Problem,Client End Problem (Others),2015-10-19 00:44:28,2015-10-19 00:48:01,Client End Problem,0.4666666666666667,19.65
-Link Down-Link Down,2015-10-17 18:15:34,2015-10-17 18:18:22,Client,Wrong Complaint,Wrong Complaint,2015-10-19 10:15:05,2015-10-19 10:17:42,Client End Problem,2.8,2402.133333333333
Down-Link-Link,2015-10-16 16:50:24,2015-10-16 15:20:37,,U/G Fiber Cut,U/G Fiber Cut,2015-10-16 18:18:41,2015-10-16 15:27:06,F@H End Problem,-89.78333333333333,-83.3
Down-Link-Link,2015-10-16 13:59:34,2015-10-16 01:17:24,,U/G Fiber Cut,U/G Fiber Cut,2015-10-16 16:31:52,2015-10-16 15:27:06,F@H End Problem,-762.1666666666666,87.53333333333333
Down-Link-Link,2015-10-15 11:53:19,2015-10-15 11:36:57,,Client End Problem (Fiber Cut),Client End Problem (Fiber Cut),2015-10-16 08:46:26,2015-10-15 14:29:00,Client End Problem,-16.366666666666667,155.68333333333334
Down-Link-Link,2015-09-26 16:52:27,2015-09-26 16:53:42,,Client End Problem,Client End Problem (Others),2015-09-27 12:22:13,2015-09-26 18:19:29,Client End Problem,1.25,87.03333333333333
-Link Down-Link Down,2015-09-22 00:11:46,2015-09-21 22:36:17,Passive,OH,Core Break,2015-09-22 08:32:34,2015-09-22 07:55:24,F@H End Problem,-95.48333333333333,463.6333333333333
Down-Link-Link,2015-09-21 20:15:42,2015-09-21 20:16:23,Passive,OH,Core Break,2015-09-22 08:32:47,2015-09-22 07:55:45,F@H End Problem,0.6833333333333333,700.05
Down-Link-Link,2015-09-19 22:00:22,2015-09-19 22:01:29,Passive,Power,F@H Vendor,2015-09-20 09:35:00,2015-09-20 09:36:56,F@H End Problem,1.1166666666666667,696.5666666666667
Down-Link-Link,2015-09-12 14:39:01,2015-09-12 14:39:32,Passive,Faulty,Patch Cord Cut - LDP/BDB,2015-09-13 18:53:12,2015-09-13 17:35:00,F@H End Problem,0.5166666666666667,1615.9833333333333
Down-Link-Link,2015-09-10 05:57:05,2015-09-10 04:20:46,,U/G Fiber Cut,U/G Fiber Cut,2015-09-10 07:40:27,2015-09-10 07:41:29,F@H End Problem,-96.31666666666666,104.4
Down-Link-Link,2015-08-22 12:17:00,2015-08-22 12:16:44,,O/H Fiber Cut,O/H Fiber Cut,2015-08-24 06:36:57,2015-08-23 14:20:32,F@H End Problem,-0.26666666666666666,1563.5333333333333
Down-Link-Link,2015-08-21 09:27:26,2015-08-21 09:26:43,Passive,Faulty,Patch Cord Cut - LDP/BDB,2015-08-21 14:18:14,2015-08-21 14:07:54,F@H End Problem,-0.7166666666666667,280.46666666666664
Down-Link-Link,2015-08-20 21:33:16,2015-08-20 20:56:00,,Client End Problem (Fiber Cut),Client End Problem (Fiber Cut),2015-08-21 02:09:31,2015-08-21 02:09:28,Client End Problem,-37.266666666666666,276.2
Down-Link-Link,2015-08-18 04:45:59,2015-08-18 04:45:35,Passive,OH,Core Break,2015-08-18 07:12:14,2015-08-18 06:28:04,F@H End Problem,-0.4,102.08333333333333
Down-Link-Link,2015-08-17 20:31:14,2015-08-17 20:37:10,,O/H Fiber Cut,O/H Fiber Cut,2015-08-19 01:34:58,2015-08-19 01:34:56,F@H End Problem,5.933333333333334,1743.7
